primary_industry_id,name,url
1,Agricultural and Food Science Technicians,http://careerwise.minnstate.edu/careers/careerDetail?oc=194011
1,Agricultural Engineers,http://careerwise.minnstate.edu/careers/careerDetail?oc=172021
1,Agricultural Equipment Operators,http://careerwise.minnstate.edu/careers/careerDetail?oc=452091
1,Agricultural Workers,http://careerwise.minnstate.edu/careers/careerDetail?oc=452099
1,Animal Breeders,http://careerwise.minnstate.edu/careers/careerDetail?oc=452021
1,Animal Scientists,http://careerwise.minnstate.edu/careers/careerDetail?oc=191011
1,Biological Technicians,http://careerwise.minnstate.edu/careers/careerDetail?oc=194021
1,"Buyers and Purchasing Agents, Farm Products",http://careerwise.minnstate.edu/careers/careerDetail?oc=131021
1,Environmental Engineers,http://careerwise.minnstate.edu/careers/careerDetail?oc=172081
1,"Environmental Science and Protection Technicians, Including Health",http://careerwise.minnstate.edu/careers/careerDetail?oc=194091
1,Fallers,http://careerwise.minnstate.edu/careers/careerDetail?oc=454021
1,Farm Equipment Mechanics and Service Technicians,http://careerwise.minnstate.edu/careers/careerDetail?oc=493041
1,Farm Labor Contractors,http://careerwise.minnstate.edu/careers/careerDetail?oc=131074
1,"Farmers, Ranchers, and Other Agricultural Managers",http://careerwise.minnstate.edu/careers/careerDetail?oc=119013
1,"Farmworkers and Laborers, Crop, Nursery, and Greenhouse",http://careerwise.minnstate.edu/careers/careerDetail?oc=452092
1,"Farmworkers, Farm, Ranch, and Aquacultural Animals",http://careerwise.minnstate.edu/careers/careerDetail?oc=452093
1,Fishers and Related Fishing Workers,http://careerwise.minnstate.edu/careers/careerDetail?oc=453011
1,Food Scientists and Technologists,http://careerwise.minnstate.edu/careers/careerDetail?oc=191012
1,Forest and Conservation Technicians,http://careerwise.minnstate.edu/careers/careerDetail?oc=194093
1,Forest and Conservation Workers,http://careerwise.minnstate.edu/careers/careerDetail?oc=454011
1,Foresters,http://careerwise.minnstate.edu/careers/careerDetail?oc=191032
1,Geological and Petroleum Technicians,http://careerwise.minnstate.edu/careers/careerDetail?oc=194041
1,"Graders and Sorters, Agricultural Products",http://careerwise.minnstate.edu/careers/careerDetail?oc=452041
1,Hazardous Materials Removal Workers,http://careerwise.minnstate.edu/careers/careerDetail?oc=474041
1,Hunters and Trappers,http://careerwise.minnstate.edu/careers/careerDetail?oc=453021
1,Log Graders and Scalers,http://careerwise.minnstate.edu/careers/careerDetail?oc=454023
1,Logging Equipment Operators,http://careerwise.minnstate.edu/careers/careerDetail?oc=454022
1,"Logging Workers, All Other",http://careerwise.minnstate.edu/careers/careerDetail?oc=454029
1,Natural Sciences Managers,http://careerwise.minnstate.edu/careers/careerDetail?oc=119121
1,Nonfarm Animal Caretakers,http://careerwise.minnstate.edu/careers/careerDetail?oc=392021
1,Pest Control Workers,http://careerwise.minnstate.edu/careers/careerDetail?oc=372021
1,"Pesticide Handlers, Sprayers, and Applicators, Vegetation",http://careerwise.minnstate.edu/careers/careerDetail?oc=373012
1,Refuse and Recyclable Material Collectors,http://careerwise.minnstate.edu/careers/careerDetail?oc=537081
1,Soil and Plant Scientists,http://careerwise.minnstate.edu/careers/careerDetail?oc=191013
1,Tree Trimmers and Pruners,http://careerwise.minnstate.edu/careers/careerDetail?oc=373013
1,Water and Wastewater Treatment Plant and System Operators,http://careerwise.minnstate.edu/careers/careerDetail?oc=518031
1,Zoologists and Wildlife Biologists,http://careerwise.minnstate.edu/careers/careerDetail?oc=191023
2,"Architects, Except Landscape and Naval",http://careerwise.minnstate.edu/careers/careerDetail?oc=171011
2,Architectural and Civil Drafters,http://careerwise.minnstate.edu/careers/careerDetail?oc=173011
2,Boilermakers,http://careerwise.minnstate.edu/careers/careerDetail?oc=472011
2,Brickmasons and Blockmasons,http://careerwise.minnstate.edu/careers/careerDetail?oc=472021
2,Carpenters,http://careerwise.minnstate.edu/careers/careerDetail?oc=472031
2,Carpet Installers,http://careerwise.minnstate.edu/careers/careerDetail?oc=472041
2,Cement Masons and Concrete Finishers,http://careerwise.minnstate.edu/careers/careerDetail?oc=472051
2,Civil Engineers,http://careerwise.minnstate.edu/careers/careerDetail?oc=172051
2,Commercial Divers,http://careerwise.minnstate.edu/careers/careerDetail?oc=499092
2,"Construction and Related Workers, All Other",http://careerwise.minnstate.edu/careers/careerDetail?oc=474099
2,Construction Laborers,http://careerwise.minnstate.edu/careers/careerDetail?oc=472061
2,Construction Managers,http://careerwise.minnstate.edu/careers/careerDetail?oc=119021
2,Continuous Mining Machine Operators,http://careerwise.minnstate.edu/careers/careerDetail?oc=475041
2,"Control and Valve Installers and Repairers, Except Mechanical Door",http://careerwise.minnstate.edu/careers/careerDetail?oc=499012
2,Conveyor Operators and Tenders,http://careerwise.minnstate.edu/careers/careerDetail?oc=537011
2,Cost Estimators,http://careerwise.minnstate.edu/careers/careerDetail?oc=131051
2,Crane and Tower Operators,http://careerwise.minnstate.edu/careers/careerDetail?oc=537021
2,"Derrick Operators, Oil and Gas",http://careerwise.minnstate.edu/careers/careerDetail?oc=475011
2,Dredge Operators,http://careerwise.minnstate.edu/careers/careerDetail?oc=537031
2,Drywall and Ceiling Tile Installers,http://careerwise.minnstate.edu/careers/careerDetail?oc=472081
2,"Earth Drillers, Except Oil and Gas",http://careerwise.minnstate.edu/careers/careerDetail?oc=475021
2,Electrical Power-Line Installers and Repairers,http://careerwise.minnstate.edu/careers/careerDetail?oc=499051
2,Electricians,http://careerwise.minnstate.edu/careers/careerDetail?oc=472111
2,Elevator Installers and Repairers,http://careerwise.minnstate.edu/careers/careerDetail?oc=474021
2,Excavating and Loading Machine and Dragline Operators,http://careerwise.minnstate.edu/careers/careerDetail?oc=537032
2,"Explosives Workers, Ordnance Handling Experts, and Blasters",http://careerwise.minnstate.edu/careers/careerDetail?oc=475031
2,"Extraction Workers, All Other",http://careerwise.minnstate.edu/careers/careerDetail?oc=475099
2,Fence Erectors,http://careerwise.minnstate.edu/careers/careerDetail?oc=474031
2,"Floor Layers, Except Carpet, Wood, and Hard Tiles",http://careerwise.minnstate.edu/careers/careerDetail?oc=472042
2,Floor Sanders and Finishers,http://careerwise.minnstate.edu/careers/careerDetail?oc=472043
2,Glaziers,http://careerwise.minnstate.edu/careers/careerDetail?oc=472121
2,"Grounds Maintenance Workers, All Other",http://careerwise.minnstate.edu/careers/careerDetail?oc=373019
2,"Heating, Air Conditioning, and Refrigeration Mechanics and Installers",http://careerwise.minnstate.edu/careers/careerDetail?oc=499021
2,"Helpers--Installation, Maintenance, and Repair Workers",http://careerwise.minnstate.edu/careers/careerDetail?oc=499098
2,Highway Maintenance Workers,http://careerwise.minnstate.edu/careers/careerDetail?oc=474051
2,Hoist and Winch Operators,http://careerwise.minnstate.edu/careers/careerDetail?oc=537041
2,"Insulation Workers, Floor, Ceiling, and Wall",http://careerwise.minnstate.edu/careers/careerDetail?oc=472131
2,"Insulation Workers, Mechanical",http://careerwise.minnstate.edu/careers/careerDetail?oc=472132
2,Interior Designers,http://careerwise.minnstate.edu/careers/careerDetail?oc=271025
2,Landscape Architects,http://careerwise.minnstate.edu/careers/careerDetail?oc=171012
2,Landscaping and Groundskeeping Workers,http://careerwise.minnstate.edu/careers/careerDetail?oc=373011
2,"Loading Machine Operators, Underground Mining",http://careerwise.minnstate.edu/careers/careerDetail?oc=537033
2,Manufactured Building and Mobile Home Installers,http://careerwise.minnstate.edu/careers/careerDetail?oc=499095
2,Mechanical Door Repairers,http://careerwise.minnstate.edu/careers/careerDetail?oc=499011
2,Millwrights,http://careerwise.minnstate.edu/careers/careerDetail?oc=499044
2,Mine Cutting and Channeling Machine Operators,http://careerwise.minnstate.edu/careers/careerDetail?oc=475042
2,"Mining Machine Operators, All Other",http://careerwise.minnstate.edu/careers/careerDetail?oc=475049
2,Operating Engineers and Other Construction Equipment Operators,http://careerwise.minnstate.edu/careers/careerDetail?oc=472073
2,"Painters, Construction and Maintenance",http://careerwise.minnstate.edu/careers/careerDetail?oc=472141
2,Paperhangers,http://careerwise.minnstate.edu/careers/careerDetail?oc=472142
2,"Paving, Surfacing, and Tamping Equipment Operators",http://careerwise.minnstate.edu/careers/careerDetail?oc=472071
2,Pile-Driver Operators,http://careerwise.minnstate.edu/careers/careerDetail?oc=472072
2,Pipelayers,http://careerwise.minnstate.edu/careers/careerDetail?oc=472151
2,Plasterers and Stucco Masons,http://careerwise.minnstate.edu/careers/careerDetail?oc=472161
2,"Plumbers, Pipefitters, and Steamfitters",http://careerwise.minnstate.edu/careers/careerDetail?oc=472152
2,"Refractory Materials Repairers, Except Brickmasons",http://careerwise.minnstate.edu/careers/careerDetail?oc=499045
2,Reinforcing Iron and Rebar Workers,http://careerwise.minnstate.edu/careers/careerDetail?oc=472171
2,Riggers,http://careerwise.minnstate.edu/careers/careerDetail?oc=499096
2,"Rock Splitters, Quarry",http://careerwise.minnstate.edu/careers/careerDetail?oc=475051
2,"Roof Bolters, Mining",http://careerwise.minnstate.edu/careers/careerDetail?oc=475061
2,Roofers,http://careerwise.minnstate.edu/careers/careerDetail?oc=472181
2,"Rotary Drill Operators, Oil and Gas",http://careerwise.minnstate.edu/careers/careerDetail?oc=475012
2,"Roustabouts, Oil and Gas",http://careerwise.minnstate.edu/careers/careerDetail?oc=475071
2,Segmental Pavers,http://careerwise.minnstate.edu/careers/careerDetail?oc=474091
2,Septic Tank Servicers and Sewer Pipe Cleaners,http://careerwise.minnstate.edu/careers/careerDetail?oc=474071
2,"Service Unit Operators, Oil, Gas, and Mining",http://careerwise.minnstate.edu/careers/careerDetail?oc=475013
2,Sheet Metal Workers,http://careerwise.minnstate.edu/careers/careerDetail?oc=472211
2,Solar Photovoltaic Installers,http://careerwise.minnstate.edu/careers/careerDetail?oc=472231
2,Stationary Engineers and Boiler Operators,http://careerwise.minnstate.edu/careers/careerDetail?oc=518021
2,Stonemasons,http://careerwise.minnstate.edu/careers/careerDetail?oc=472022
2,Structural Iron and Steel Workers,http://careerwise.minnstate.edu/careers/careerDetail?oc=472221
2,Structural Metal Fabricators and Fitters,http://careerwise.minnstate.edu/careers/careerDetail?oc=512041
2,Surveying and Mapping Technicians,http://careerwise.minnstate.edu/careers/careerDetail?oc=173031
2,Surveyors,http://careerwise.minnstate.edu/careers/careerDetail?oc=171022
2,Tapers,http://careerwise.minnstate.edu/careers/careerDetail?oc=472082
2,Terrazzo Workers and Finishers,http://careerwise.minnstate.edu/careers/careerDetail?oc=472053
2,Tile and Marble Setters,http://careerwise.minnstate.edu/careers/careerDetail?oc=472044
3,Actors,http://careerwise.minnstate.edu/careers/careerDetail?oc=272011
3,"Agents and Business Managers of Artists, Performers, and Athletes",http://careerwise.minnstate.edu/careers/careerDetail?oc=131011
3,Art Directors,http://careerwise.minnstate.edu/careers/careerDetail?oc=271011
3,"Artists and Related Workers, All Other",http://careerwise.minnstate.edu/careers/careerDetail?oc=271019
3,Audio and Video Equipment Technicians,http://careerwise.minnstate.edu/careers/careerDetail?oc=274011
3,Broadcast News Analysts,http://careerwise.minnstate.edu/careers/careerDetail?oc=273021
3,Broadcast Technicians,http://careerwise.minnstate.edu/careers/careerDetail?oc=274012
3,"Camera Operators, Television, Video, and Motion Picture",http://careerwise.minnstate.edu/careers/careerDetail?oc=274031
3,Choreographers,http://careerwise.minnstate.edu/careers/careerDetail?oc=272032
3,Commercial and Industrial Designers,http://careerwise.minnstate.edu/careers/careerDetail?oc=271021
3,Costume Attendants,http://careerwise.minnstate.edu/careers/careerDetail?oc=393092
3,Craft Artists,http://careerwise.minnstate.edu/careers/careerDetail?oc=271012
3,Dancers,http://careerwise.minnstate.edu/careers/careerDetail?oc=272031
3,"Designers, All Other",http://careerwise.minnstate.edu/careers/careerDetail?oc=271029
3,Desktop Publishers,http://careerwise.minnstate.edu/careers/careerDetail?oc=439031
3,Editors,http://careerwise.minnstate.edu/careers/careerDetail?oc=273041
3,"Entertainers and Performers, Sports and Related Workers, All Other",http://careerwise.minnstate.edu/careers/careerDetail?oc=272099
3,Fashion Designers,http://careerwise.minnstate.edu/careers/careerDetail?oc=271022
3,Film and Video Editors,http://careerwise.minnstate.edu/careers/careerDetail?oc=274032
3,"Fine Artists, Including Painters, Sculptors, and Illustrators",http://careerwise.minnstate.edu/careers/careerDetail?oc=271013
3,Floral Designers,http://careerwise.minnstate.edu/careers/careerDetail?oc=271023
3,Graphic Designers,http://careerwise.minnstate.edu/careers/careerDetail?oc=271024
3,"Makeup Artists, Theatrical and Performance",http://careerwise.minnstate.edu/careers/careerDetail?oc=395091
3,"Media and Communication Equipment Workers, All Other",http://careerwise.minnstate.edu/careers/careerDetail?oc=274099
3,"Media and Communication Workers, All Other",http://careerwise.minnstate.edu/careers/careerDetail?oc=273099
3,Multimedia Artists and Animators,http://careerwise.minnstate.edu/careers/careerDetail?oc=271014
3,Music Directors and Composers,http://careerwise.minnstate.edu/careers/careerDetail?oc=272041
3,Musicians and Singers,http://careerwise.minnstate.edu/careers/careerDetail?oc=272042
3,Photographers,http://careerwise.minnstate.edu/careers/careerDetail?oc=274021
3,Prepress Technicians and Workers,http://careerwise.minnstate.edu/careers/careerDetail?oc=515111
3,Print Binding and Finishing Workers,http://careerwise.minnstate.edu/careers/careerDetail?oc=515113
3,Printing Press Operators,http://careerwise.minnstate.edu/careers/careerDetail?oc=515112
3,Producers and Directors,http://careerwise.minnstate.edu/careers/careerDetail?oc=272012
3,Proofreaders and Copy Markers,http://careerwise.minnstate.edu/careers/careerDetail?oc=439081
3,Public Address System and Other Announcers,http://careerwise.minnstate.edu/careers/careerDetail?oc=273012
3,Radio and Television Announcers,http://careerwise.minnstate.edu/careers/careerDetail?oc=273011
3,Radio Operators,http://careerwise.minnstate.edu/careers/careerDetail?oc=274013
3,Reporters and Correspondents,http://careerwise.minnstate.edu/careers/careerDetail?oc=273022
3,Set and Exhibit Designers,http://careerwise.minnstate.edu/careers/careerDetail?oc=271027
3,Sound Engineering Technicians,http://careerwise.minnstate.edu/careers/careerDetail?oc=274014
3,Technical Writers,http://careerwise.minnstate.edu/careers/careerDetail?oc=273042
3,"Telecommunications Equipment Installers and Repairers, Except Line Installers",http://careerwise.minnstate.edu/careers/careerDetail?oc=492022
3,Telecommunications Line Installers and Repairers,http://careerwise.minnstate.edu/careers/careerDetail?oc=499052
3,Writers and Authors,http://careerwise.minnstate.edu/careers/careerDetail?oc=273043
4,Administrative Services Managers,http://careerwise.minnstate.edu/careers/careerDetail?oc=113011
4,"Bookkeeping, Accounting, and Auditing Clerks",http://careerwise.minnstate.edu/careers/careerDetail?oc=433031
4,"Business Operations Specialists, All Other",http://careerwise.minnstate.edu/careers/careerDetail?oc=131199
4,Chief Executives,http://careerwise.minnstate.edu/careers/careerDetail?oc=111011
4,"Communications Equipment Operators, All Other",http://careerwise.minnstate.edu/careers/careerDetail?oc=432099
4,Compensation and Benefits Managers,http://careerwise.minnstate.edu/careers/careerDetail?oc=113111
4,"Compensation, Benefits, and Job Analysis Specialists",http://careerwise.minnstate.edu/careers/careerDetail?oc=131141
4,Computer and Information Systems Managers,http://careerwise.minnstate.edu/careers/careerDetail?oc=113021
4,Computer Operators,http://careerwise.minnstate.edu/careers/careerDetail?oc=439011
4,Correspondence Clerks,http://careerwise.minnstate.edu/careers/careerDetail?oc=434021
4,Customer Service Representatives,http://careerwise.minnstate.edu/careers/careerDetail?oc=434051
4,Data Entry Keyers,http://careerwise.minnstate.edu/careers/careerDetail?oc=439021
4,Executive Secretaries and Executive Administrative Assistants,http://careerwise.minnstate.edu/careers/careerDetail?oc=436011
4,File Clerks,http://careerwise.minnstate.edu/careers/careerDetail?oc=434071
4,Fundraisers,http://careerwise.minnstate.edu/careers/careerDetail?oc=131131
4,General and Operations Managers,http://careerwise.minnstate.edu/careers/careerDetail?oc=111021
4,"Human Resources Assistants, Except Payroll and Timekeeping",http://careerwise.minnstate.edu/careers/careerDetail?oc=434161
4,Human Resources Managers,http://careerwise.minnstate.edu/careers/careerDetail?oc=113121
4,Human Resources Specialists,http://careerwise.minnstate.edu/careers/careerDetail?oc=131071
4,Industrial Production Managers,http://careerwise.minnstate.edu/careers/careerDetail?oc=113051
4,"Information and Record Clerks, All Other",http://careerwise.minnstate.edu/careers/careerDetail?oc=434199
4,"Interviewers, Except Eligibility and Loan",http://careerwise.minnstate.edu/careers/careerDetail?oc=434111
4,Labor Relations Specialists,http://careerwise.minnstate.edu/careers/careerDetail?oc=131075
4,"Library Assistants, Clerical",http://careerwise.minnstate.edu/careers/careerDetail?oc=434121
4,"Mail Clerks and Mail Machine Operators, Except Postal Service",http://careerwise.minnstate.edu/careers/careerDetail?oc=439051
4,Management Analysts,http://careerwise.minnstate.edu/careers/careerDetail?oc=131111
4,"Managers, All Other",http://careerwise.minnstate.edu/careers/careerDetail?oc=119199
4,"Meeting, Convention, and Event Planners",http://careerwise.minnstate.edu/careers/careerDetail?oc=131121
4,"Meter Readers, Utilities",http://careerwise.minnstate.edu/careers/careerDetail?oc=435041
4,New Accounts Clerks,http://careerwise.minnstate.edu/careers/careerDetail?oc=434141
4,"Office and Administrative Support Workers, All Other",http://careerwise.minnstate.edu/careers/careerDetail?oc=439199
4,"Office Clerks, General",http://careerwise.minnstate.edu/careers/careerDetail?oc=439061
4,"Office Machine Operators, Except Computer",http://careerwise.minnstate.edu/careers/careerDetail?oc=439071
4,Operations Research Analysts,http://careerwise.minnstate.edu/careers/careerDetail?oc=152031
4,Order Clerks,http://careerwise.minnstate.edu/careers/careerDetail?oc=434151
4,Payroll and Timekeeping Clerks,http://careerwise.minnstate.edu/careers/careerDetail?oc=433051
4,Postal Service Clerks,http://careerwise.minnstate.edu/careers/careerDetail?oc=435051
4,Postal Service Mail Carriers,http://careerwise.minnstate.edu/careers/careerDetail?oc=435052
4,"Postal Service Mail Sorters, Processors, and Processing Machine Operators",http://careerwise.minnstate.edu/careers/careerDetail?oc=435053
4,Procurement Clerks,http://careerwise.minnstate.edu/careers/careerDetail?oc=433061
4,Purchasing Managers,http://careerwise.minnstate.edu/careers/careerDetail?oc=113061
4,Receptionists and Information Clerks,http://careerwise.minnstate.edu/careers/careerDetail?oc=434171
4,"Secretaries and Administrative Assistants, Except Legal, Medical, and Executive",http://careerwise.minnstate.edu/careers/careerDetail?oc=436014
4,"Shipping, Receiving, and Traffic Clerks",http://careerwise.minnstate.edu/careers/careerDetail?oc=435071
4,Stock Clerks and Order Fillers,http://careerwise.minnstate.edu/careers/careerDetail?oc=435081
4,"Switchboard Operators, Including Answering Service",http://careerwise.minnstate.edu/careers/careerDetail?oc=432011
4,Telephone Operators,http://careerwise.minnstate.edu/careers/careerDetail?oc=432021
4,Training and Development Managers,http://careerwise.minnstate.edu/careers/careerDetail?oc=113131
4,Training and Development Specialists,http://careerwise.minnstate.edu/careers/careerDetail?oc=131151
4,Word Processors and Typists,http://careerwise.minnstate.edu/careers/careerDetail?oc=439022
5,Adult Basic and Secondary Education and Literacy Teachers and Instructors,http://careerwise.minnstate.edu/careers/careerDetail?oc=253011
5,"Agricultural Sciences Teachers, Postsecondary",http://careerwise.minnstate.edu/careers/careerDetail?oc=251041
5,"Anthropology and Archeology Teachers, Postsecondary",http://careerwise.minnstate.edu/careers/careerDetail?oc=251061
5,"Architecture Teachers, Postsecondary",http://careerwise.minnstate.edu/careers/careerDetail?oc=251031
5,Archivists,http://careerwise.minnstate.edu/careers/careerDetail?oc=254011
5,"Area, Ethnic, and Cultural Studies Teachers, Postsecondary",http://careerwise.minnstate.edu/careers/careerDetail?oc=251062
5,"Art, Drama, and Music Teachers, Postsecondary",http://careerwise.minnstate.edu/careers/careerDetail?oc=251121
5,"Atmospheric, Earth, Marine, and Space Sciences Teachers, Postsecondary",http://careerwise.minnstate.edu/careers/careerDetail?oc=251051
5,Audio-Visual and Multimedia Collections Specialists,http://careerwise.minnstate.edu/careers/careerDetail?oc=259011
5,"Biological Science Teachers, Postsecondary",http://careerwise.minnstate.edu/careers/careerDetail?oc=251042
5,"Business Teachers, Postsecondary",http://careerwise.minnstate.edu/careers/careerDetail?oc=251011
5,"Career/Technical Education Teachers, Middle School",http://careerwise.minnstate.edu/careers/careerDetail?oc=252023
5,"Career/Technical Education Teachers, Secondary School",http://careerwise.minnstate.edu/careers/careerDetail?oc=252032
5,"Chemistry Teachers, Postsecondary",http://careerwise.minnstate.edu/careers/careerDetail?oc=251052
5,Coaches and Scouts,http://careerwise.minnstate.edu/careers/careerDetail?oc=272022
5,"Communications Teachers, Postsecondary",http://careerwise.minnstate.edu/careers/careerDetail?oc=251122
5,"Computer Science Teachers, Postsecondary",http://careerwise.minnstate.edu/careers/careerDetail?oc=251021
5,"Criminal Justice and Law Enforcement Teachers, Postsecondary",http://careerwise.minnstate.edu/careers/careerDetail?oc=251111
5,Curators,http://careerwise.minnstate.edu/careers/careerDetail?oc=254012
5,"Economics Teachers, Postsecondary",http://careerwise.minnstate.edu/careers/careerDetail?oc=251063
5,"Education Administrators, All Other",http://careerwise.minnstate.edu/careers/careerDetail?oc=119039
5,"Education Administrators, Elementary and Secondary School",http://careerwise.minnstate.edu/careers/careerDetail?oc=119032
5,"Education Administrators, Postsecondary",http://careerwise.minnstate.edu/careers/careerDetail?oc=119033
5,"Education Administrators, Preschool and Childcare Center/Program",http://careerwise.minnstate.edu/careers/careerDetail?oc=119031
5,"Education Teachers, Postsecondary",http://careerwise.minnstate.edu/careers/careerDetail?oc=251081
5,"Education, Training, and Library Workers, All Other",http://careerwise.minnstate.edu/careers/careerDetail?oc=259099
5,"Educational, Guidance, School, and Vocational Counselors",http://careerwise.minnstate.edu/careers/careerDetail?oc=211012
5,"Elementary School Teachers, Except Special Education",http://careerwise.minnstate.edu/careers/careerDetail?oc=252021
5,"Engineering Teachers, Postsecondary",http://careerwise.minnstate.edu/careers/careerDetail?oc=251032
5,"English Language and Literature Teachers, Postsecondary",http://careerwise.minnstate.edu/careers/careerDetail?oc=251123
5,"Environmental Science Teachers, Postsecondary",http://careerwise.minnstate.edu/careers/careerDetail?oc=251053
5,Farm and Home Management Advisors,http://careerwise.minnstate.edu/careers/careerDetail?oc=259021
5,"Foreign Language and Literature Teachers, Postsecondary",http://careerwise.minnstate.edu/careers/careerDetail?oc=251124
5,"Forestry and Conservation Science Teachers, Postsecondary",http://careerwise.minnstate.edu/careers/careerDetail?oc=251043
5,"Geography Teachers, Postsecondary",http://careerwise.minnstate.edu/careers/careerDetail?oc=251064
5,Graduate Teaching Assistants,http://careerwise.minnstate.edu/careers/careerDetail?oc=251191
5,"Health Specialties Teachers, Postsecondary",http://careerwise.minnstate.edu/careers/careerDetail?oc=251071
5,"History Teachers, Postsecondary",http://careerwise.minnstate.edu/careers/careerDetail?oc=251125
5,"Home Economics Teachers, Postsecondary",http://careerwise.minnstate.edu/careers/careerDetail?oc=251192
5,Instructional Coordinators,http://careerwise.minnstate.edu/careers/careerDetail?oc=259031
5,Interpreters and Translators,http://careerwise.minnstate.edu/careers/careerDetail?oc=273091
5,"Kindergarten Teachers, Except Special Education",http://careerwise.minnstate.edu/careers/careerDetail?oc=252012
5,"Law Teachers, Postsecondary",http://careerwise.minnstate.edu/careers/careerDetail?oc=251112
5,Librarians,http://careerwise.minnstate.edu/careers/careerDetail?oc=254021
5,"Library Science Teachers, Postsecondary",http://careerwise.minnstate.edu/careers/careerDetail?oc=251082
5,Library Technicians,http://careerwise.minnstate.edu/careers/careerDetail?oc=254031
5,"Mathematical Science Teachers, Postsecondary",http://careerwise.minnstate.edu/careers/careerDetail?oc=251022
5,"Middle School Teachers, Except Special and Career/Technical Education",http://careerwise.minnstate.edu/careers/careerDetail?oc=252022
5,Museum Technicians and Conservators,http://careerwise.minnstate.edu/careers/careerDetail?oc=254013
5,"Nursing Instructors and Teachers, Postsecondary",http://careerwise.minnstate.edu/careers/careerDetail?oc=251072
5,"Philosophy and Religion Teachers, Postsecondary",http://careerwise.minnstate.edu/careers/careerDetail?oc=251126
5,"Physics Teachers, Postsecondary",http://careerwise.minnstate.edu/careers/careerDetail?oc=251054
5,"Political Science Teachers, Postsecondary",http://careerwise.minnstate.edu/careers/careerDetail?oc=251065
5,"Postsecondary Teachers, All Other",http://careerwise.minnstate.edu/careers/careerDetail?oc=251199
5,"Preschool Teachers, Except Special Education",http://careerwise.minnstate.edu/careers/careerDetail?oc=252011
5,"Psychology Teachers, Postsecondary",http://careerwise.minnstate.edu/careers/careerDetail?oc=251066
5,"Recreation and Fitness Studies Teachers, Postsecondary",http://careerwise.minnstate.edu/careers/careerDetail?oc=251193
5,"Secondary School Teachers, Except Special and Career/Technical Education",http://careerwise.minnstate.edu/careers/careerDetail?oc=252031
5,Self-Enrichment Education Teachers,http://careerwise.minnstate.edu/careers/careerDetail?oc=253021
5,"Social Sciences Teachers, Postsecondary, All Other",http://careerwise.minnstate.edu/careers/careerDetail?oc=251069
5,"Social Work Teachers, Postsecondary",http://careerwise.minnstate.edu/careers/careerDetail?oc=251113
5,"Sociology Teachers, Postsecondary",http://careerwise.minnstate.edu/careers/careerDetail?oc=251067
5,"Special Education Teachers, All Other",http://careerwise.minnstate.edu/careers/careerDetail?oc=252059
5,"Special Education Teachers, Kindergarten and Elementary School",http://careerwise.minnstate.edu/careers/careerDetail?oc=252052
5,"Special Education Teachers, Middle School",http://careerwise.minnstate.edu/careers/careerDetail?oc=252053
5,"Special Education Teachers, Preschool",http://careerwise.minnstate.edu/careers/careerDetail?oc=252051
5,"Special Education Teachers, Secondary School",http://careerwise.minnstate.edu/careers/careerDetail?oc=252054
5,Teacher Assistants,http://careerwise.minnstate.edu/careers/careerDetail?oc=259041
5,"Teachers and Instructors, All Other",http://careerwise.minnstate.edu/careers/careerDetail?oc=253099
5,"Vocational Education Teachers, Postsecondary",http://careerwise.minnstate.edu/careers/careerDetail?oc=251194
6,Accountants and Auditors,http://careerwise.minnstate.edu/careers/careerDetail?oc=132011
6,Actuaries,http://careerwise.minnstate.edu/careers/careerDetail?oc=152011
6,Bill and Account Collectors,http://careerwise.minnstate.edu/careers/careerDetail?oc=433011
6,Brokerage Clerks,http://careerwise.minnstate.edu/careers/careerDetail?oc=434011
6,Budget Analysts,http://careerwise.minnstate.edu/careers/careerDetail?oc=132031
6,"Claims Adjusters, Examiners, and Investigators",http://careerwise.minnstate.edu/careers/careerDetail?oc=131031
6,Credit Analysts,http://careerwise.minnstate.edu/careers/careerDetail?oc=132041
6,"Credit Authorizers, Checkers, and Clerks",http://careerwise.minnstate.edu/careers/careerDetail?oc=434041
6,Financial Analysts,http://careerwise.minnstate.edu/careers/careerDetail?oc=132051
6,"Financial Clerks, All Other",http://careerwise.minnstate.edu/careers/careerDetail?oc=433099
6,Financial Managers,http://careerwise.minnstate.edu/careers/careerDetail?oc=113031
6,"Financial Specialists, All Other",http://careerwise.minnstate.edu/careers/careerDetail?oc=132099
6,"Insurance Appraisers, Auto Damage",http://careerwise.minnstate.edu/careers/careerDetail?oc=131032
6,Insurance Claims and Policy Processing Clerks,http://careerwise.minnstate.edu/careers/careerDetail?oc=439041
6,Insurance Sales Agents,http://careerwise.minnstate.edu/careers/careerDetail?oc=413021
6,Insurance Underwriters,http://careerwise.minnstate.edu/careers/careerDetail?oc=132053
6,Loan Interviewers and Clerks,http://careerwise.minnstate.edu/careers/careerDetail?oc=434131
6,Loan Officers,http://careerwise.minnstate.edu/careers/careerDetail?oc=132072
6,Personal Financial Advisors,http://careerwise.minnstate.edu/careers/careerDetail?oc=132052
6,"Securities, Commodities, and Financial Services Sales Agents",http://careerwise.minnstate.edu/careers/careerDetail?oc=413031
6,Tax Preparers,http://careerwise.minnstate.edu/careers/careerDetail?oc=132082
6,Tellers,http://careerwise.minnstate.edu/careers/careerDetail?oc=433071
7,Agricultural Inspectors,http://careerwise.minnstate.edu/careers/careerDetail?oc=452011
7,Air Crew Members,http://careerwise.minnstate.edu/careers/careerDetail?oc=553011
7,Aircraft Launch and Recovery Specialists,http://careerwise.minnstate.edu/careers/careerDetail?oc=553012
7,Appraisers and Assessors of Real Estate,http://careerwise.minnstate.edu/careers/careerDetail?oc=132021
7,Armored Assault Vehicle Crew Members,http://careerwise.minnstate.edu/careers/careerDetail?oc=553013
7,Artillery and Missile Crew Members,http://careerwise.minnstate.edu/careers/careerDetail?oc=553014
7,Command and Control Center Specialists,http://careerwise.minnstate.edu/careers/careerDetail?oc=553015
7,Compliance Officers,http://careerwise.minnstate.edu/careers/careerDetail?oc=131041
7,Construction and Building Inspectors,http://careerwise.minnstate.edu/careers/careerDetail?oc=474011
7,"Court, Municipal, and License Clerks",http://careerwise.minnstate.edu/careers/careerDetail?oc=434031
7,"Eligibility Interviewers, Government Programs",http://careerwise.minnstate.edu/careers/careerDetail?oc=434061
7,Emergency Management Directors,http://careerwise.minnstate.edu/careers/careerDetail?oc=119161
7,Financial Examiners,http://careerwise.minnstate.edu/careers/careerDetail?oc=132061
7,Infantry,http://careerwise.minnstate.edu/careers/careerDetail?oc=553016
7,Legislators,http://careerwise.minnstate.edu/careers/careerDetail?oc=111031
7,"Military Enlisted Tactical Operations and Air/Weapons Specialists and Crew Members, All Other",http://careerwise.minnstate.edu/careers/careerDetail?oc=553019
7,"Military Officer Special and Tactical Operations Leaders, All Other",http://careerwise.minnstate.edu/careers/careerDetail?oc=551019
7,Occupational Health and Safety Specialists,http://careerwise.minnstate.edu/careers/careerDetail?oc=299011
7,Postmasters and Mail Superintendents,http://careerwise.minnstate.edu/careers/careerDetail?oc=119131
7,Radar and Sonar Technicians,http://careerwise.minnstate.edu/careers/careerDetail?oc=553017
7,Statistical Assistants,http://careerwise.minnstate.edu/careers/careerDetail?oc=439111
7,"Tax Examiners and Collectors, and Revenue Agents",http://careerwise.minnstate.edu/careers/careerDetail?oc=132081
7,Transportation Inspectors,http://careerwise.minnstate.edu/careers/careerDetail?oc=536051
7,Transportation Security Screeners,http://careerwise.minnstate.edu/careers/careerDetail?oc=339093
7,Urban and Regional Planners,http://careerwise.minnstate.edu/careers/careerDetail?oc=193051
8,Anesthesiologists,http://careerwise.minnstate.edu/careers/careerDetail?oc=291061
8,Athletic Trainers,http://careerwise.minnstate.edu/careers/careerDetail?oc=299091
8,Audiologists,http://careerwise.minnstate.edu/careers/careerDetail?oc=291181
8,Biomedical Engineers,http://careerwise.minnstate.edu/careers/careerDetail?oc=172031
8,Cardiovascular Technologists and Technicians,http://careerwise.minnstate.edu/careers/careerDetail?oc=292031
8,Chiropractors,http://careerwise.minnstate.edu/careers/careerDetail?oc=291011
8,Dental Assistants,http://careerwise.minnstate.edu/careers/careerDetail?oc=319091
8,Dental Hygienists,http://careerwise.minnstate.edu/careers/careerDetail?oc=292021
8,"Dentists, General",http://careerwise.minnstate.edu/careers/careerDetail?oc=291021
8,Diagnostic Medical Sonographers,http://careerwise.minnstate.edu/careers/careerDetail?oc=292032
8,Dietetic Technicians,http://careerwise.minnstate.edu/careers/careerDetail?oc=292051
8,Dietitians and Nutritionists,http://careerwise.minnstate.edu/careers/careerDetail?oc=291031
8,Epidemiologists,http://careerwise.minnstate.edu/careers/careerDetail?oc=191041
8,Exercise Physiologists,http://careerwise.minnstate.edu/careers/careerDetail?oc=291128
8,Family and General Practitioners,http://careerwise.minnstate.edu/careers/careerDetail?oc=291062
8,Genetic Counselors,http://careerwise.minnstate.edu/careers/careerDetail?oc=299092
8,"Health Diagnosing and Treating Practitioners, All Other",http://careerwise.minnstate.edu/careers/careerDetail?oc=291199
8,"Health Technologists and Technicians, All Other",http://careerwise.minnstate.edu/careers/careerDetail?oc=292099
8,"Healthcare Practitioners and Technical Workers, All Other",http://careerwise.minnstate.edu/careers/careerDetail?oc=299099
8,"Healthcare Support Workers, All Other",http://careerwise.minnstate.edu/careers/careerDetail?oc=319099
8,Hearing Aid Specialists,http://careerwise.minnstate.edu/careers/careerDetail?oc=292092
8,Home Health Aides,http://careerwise.minnstate.edu/careers/careerDetail?oc=311011
8,"Internists, General",http://careerwise.minnstate.edu/careers/careerDetail?oc=291063
8,Licensed Practical and Licensed Vocational Nurses,http://careerwise.minnstate.edu/careers/careerDetail?oc=292061
8,Magnetic Resonance Imaging Technologists,http://careerwise.minnstate.edu/careers/careerDetail?oc=292035
8,Medical and Clinical Laboratory Technicians,http://careerwise.minnstate.edu/careers/careerDetail?oc=292012
8,Medical and Clinical Laboratory Technologists,http://careerwise.minnstate.edu/careers/careerDetail?oc=292011
8,Medical and Health Services Managers,http://careerwise.minnstate.edu/careers/careerDetail?oc=119111
8,Medical Assistants,http://careerwise.minnstate.edu/careers/careerDetail?oc=319092
8,Medical Equipment Preparers,http://careerwise.minnstate.edu/careers/careerDetail?oc=319093
8,Medical Records and Health Information Technicians,http://careerwise.minnstate.edu/careers/careerDetail?oc=292071
8,"Medical Scientists, Except Epidemiologists",http://careerwise.minnstate.edu/careers/careerDetail?oc=191042
8,Medical Secretaries,http://careerwise.minnstate.edu/careers/careerDetail?oc=436013
8,Medical Transcriptionists,http://careerwise.minnstate.edu/careers/careerDetail?oc=319094
8,Nuclear Medicine Technologists,http://careerwise.minnstate.edu/careers/careerDetail?oc=292033
8,Nurse Anesthetists,http://careerwise.minnstate.edu/careers/careerDetail?oc=291151
8,Nurse Midwives,http://careerwise.minnstate.edu/careers/careerDetail?oc=291161
8,Nurse Practitioners,http://careerwise.minnstate.edu/careers/careerDetail?oc=291171
8,Nursing Assistants,http://careerwise.minnstate.edu/careers/careerDetail?oc=311014
8,Obstetricians and Gynecologists,http://careerwise.minnstate.edu/careers/careerDetail?oc=291064
8,Occupational Therapists,http://careerwise.minnstate.edu/careers/careerDetail?oc=291122
8,Occupational Therapy Aides,http://careerwise.minnstate.edu/careers/careerDetail?oc=312012
8,Occupational Therapy Assistants,http://careerwise.minnstate.edu/careers/careerDetail?oc=312011
8,Ophthalmic Medical Technicians,http://careerwise.minnstate.edu/careers/careerDetail?oc=292057
8,"Opticians, Dispensing",http://careerwise.minnstate.edu/careers/careerDetail?oc=292081
8,Optometrists,http://careerwise.minnstate.edu/careers/careerDetail?oc=291041
8,Oral and Maxillofacial Surgeons,http://careerwise.minnstate.edu/careers/careerDetail?oc=291022
8,Orderlies,http://careerwise.minnstate.edu/careers/careerDetail?oc=311015
8,Orthodontists,http://careerwise.minnstate.edu/careers/careerDetail?oc=291023
8,Orthotists and Prosthetists,http://careerwise.minnstate.edu/careers/careerDetail?oc=292091
8,"Pediatricians, General",http://careerwise.minnstate.edu/careers/careerDetail?oc=291065
8,Pharmacists,http://careerwise.minnstate.edu/careers/careerDetail?oc=291051
8,Pharmacy Aides,http://careerwise.minnstate.edu/careers/careerDetail?oc=319095
8,Pharmacy Technicians,http://careerwise.minnstate.edu/careers/careerDetail?oc=292052
8,Phlebotomists,http://careerwise.minnstate.edu/careers/careerDetail?oc=319097
8,Physical Therapist Assistants,http://careerwise.minnstate.edu/careers/careerDetail?oc=312021
8,Physical Therapists,http://careerwise.minnstate.edu/careers/careerDetail?oc=291123
8,Physician Assistants,http://careerwise.minnstate.edu/careers/careerDetail?oc=291071
8,"Physicians, (Doctors)",http://careerwise.minnstate.edu/careers/careerDetail?oc=291069
8,Podiatrists,http://careerwise.minnstate.edu/careers/careerDetail?oc=291081
8,Prosthodontists,http://careerwise.minnstate.edu/careers/careerDetail?oc=291024
8,Psychiatric Aides,http://careerwise.minnstate.edu/careers/careerDetail?oc=311013
8,Psychiatric Technicians,http://careerwise.minnstate.edu/careers/careerDetail?oc=292053
8,Psychiatrists,http://careerwise.minnstate.edu/careers/careerDetail?oc=291066
8,Radiation Therapists,http://careerwise.minnstate.edu/careers/careerDetail?oc=291124
8,Radiologic Technologists,http://careerwise.minnstate.edu/careers/careerDetail?oc=292034
8,Recreational Therapists,http://careerwise.minnstate.edu/careers/careerDetail?oc=291125
8,Registered Nurses,http://careerwise.minnstate.edu/careers/careerDetail?oc=291141
8,Respiratory Therapists,http://careerwise.minnstate.edu/careers/careerDetail?oc=291126
8,Respiratory Therapy Technicians,http://careerwise.minnstate.edu/careers/careerDetail?oc=292054
8,Speech-Language Pathologists,http://careerwise.minnstate.edu/careers/careerDetail?oc=291127
8,Surgeons,http://careerwise.minnstate.edu/careers/careerDetail?oc=291067
8,Surgical Technologists,http://careerwise.minnstate.edu/careers/careerDetail?oc=292055
8,"Therapists, All Other",http://careerwise.minnstate.edu/careers/careerDetail?oc=291129
8,Veterinarians,http://careerwise.minnstate.edu/careers/careerDetail?oc=291131
8,Veterinary Assistants and Laboratory Animal Caretakers,http://careerwise.minnstate.edu/careers/careerDetail?oc=319096
8,Veterinary Technologists and Technicians,http://careerwise.minnstate.edu/careers/careerDetail?oc=292056
9,Amusement and Recreation Attendants,http://careerwise.minnstate.edu/careers/careerDetail?oc=393091
9,Animal Trainers,http://careerwise.minnstate.edu/careers/careerDetail?oc=392011
9,Athletes and Sports Competitors,http://careerwise.minnstate.edu/careers/careerDetail?oc=272021
9,Baggage Porters and Bellhops,http://careerwise.minnstate.edu/careers/careerDetail?oc=396011
9,Bakers,http://careerwise.minnstate.edu/careers/careerDetail?oc=513011
9,Bartenders,http://careerwise.minnstate.edu/careers/careerDetail?oc=353011
9,"Building Cleaning Workers, All Other",http://careerwise.minnstate.edu/careers/careerDetail?oc=372019
9,Chefs and Head Cooks,http://careerwise.minnstate.edu/careers/careerDetail?oc=351011
9,"Combined Food Preparation and Serving Workers, Including Fast Food",http://careerwise.minnstate.edu/careers/careerDetail?oc=353021
9,Concierges,http://careerwise.minnstate.edu/careers/careerDetail?oc=396012
9,Cooks,http://careerwise.minnstate.edu/careers/careerDetail?oc=352014
9,"Counter Attendants, Cafeteria, Food Concession, and Coffee Shop",http://careerwise.minnstate.edu/careers/careerDetail?oc=353022
9,Dining Room and Cafeteria Attendants and Bartender Helpers,http://careerwise.minnstate.edu/careers/careerDetail?oc=359011
9,Dishwashers,http://careerwise.minnstate.edu/careers/careerDetail?oc=359021
9,"Entertainment Attendants and Related Workers, All Other",http://careerwise.minnstate.edu/careers/careerDetail?oc=393099
9,First-Line Supervisors of Food Preparation and Serving Workers,http://careerwise.minnstate.edu/careers/careerDetail?oc=351012
9,First-Line Supervisors of Housekeeping and Janitorial Workers,http://careerwise.minnstate.edu/careers/careerDetail?oc=371011
9,Food Preparation Workers,http://careerwise.minnstate.edu/careers/careerDetail?oc=352021
9,"Food Servers, Nonrestaurant",http://careerwise.minnstate.edu/careers/careerDetail?oc=353041
9,Food Service Managers,http://careerwise.minnstate.edu/careers/careerDetail?oc=119051
9,Gaming and Sports Book Writers and Runners,http://careerwise.minnstate.edu/careers/careerDetail?oc=393012
9,Gaming Cage Workers,http://careerwise.minnstate.edu/careers/careerDetail?oc=433041
9,Gaming Change Persons and Booth Cashiers,http://careerwise.minnstate.edu/careers/careerDetail?oc=412012
9,Gaming Dealers,http://careerwise.minnstate.edu/careers/careerDetail?oc=393011
9,Gaming Managers,http://careerwise.minnstate.edu/careers/careerDetail?oc=119071
9,"Gaming Service Workers, All Other",http://careerwise.minnstate.edu/careers/careerDetail?oc=393019
9,Gaming Supervisors,http://careerwise.minnstate.edu/careers/careerDetail?oc=391011
9,"Hosts and Hostesses, Restaurant, Lounge, and Coffee Shop",http://careerwise.minnstate.edu/careers/careerDetail?oc=359031
9,"Hotel, Motel, and Resort Desk Clerks",http://careerwise.minnstate.edu/careers/careerDetail?oc=434081
9,"Janitors and Cleaners, Except Maids and Housekeeping Cleaners",http://careerwise.minnstate.edu/careers/careerDetail?oc=372011
9,Lodging Managers,http://careerwise.minnstate.edu/careers/careerDetail?oc=119081
9,Maids and Housekeeping Cleaners,http://careerwise.minnstate.edu/careers/careerDetail?oc=372012
9,Motion Picture Projectionists,http://careerwise.minnstate.edu/careers/careerDetail?oc=393021
9,Recreation Workers,http://careerwise.minnstate.edu/careers/careerDetail?oc=399032
9,Reservation and Transportation Ticket Agents and Travel Clerks,http://careerwise.minnstate.edu/careers/careerDetail?oc=434181
9,Slot Supervisors,http://careerwise.minnstate.edu/careers/careerDetail?oc=391012
9,Tour Guides and Escorts,http://careerwise.minnstate.edu/careers/careerDetail?oc=397011
9,Travel Agents,http://careerwise.minnstate.edu/careers/careerDetail?oc=413041
9,Travel Guides,http://careerwise.minnstate.edu/careers/careerDetail?oc=397012
9,"Umpires, Referees, and Other Sports Officials",http://careerwise.minnstate.edu/careers/careerDetail?oc=272023
9,"Ushers, Lobby Attendants, and Ticket Takers",http://careerwise.minnstate.edu/careers/careerDetail?oc=393031
9,Waiters and Waitresses,http://careerwise.minnstate.edu/careers/careerDetail?oc=353031
10,Barbers,http://careerwise.minnstate.edu/careers/careerDetail?oc=395011
10,"Child, Family, and School Social Workers",http://careerwise.minnstate.edu/careers/careerDetail?oc=211021
10,Childcare Workers,http://careerwise.minnstate.edu/careers/careerDetail?oc=399011
10,Clergy,http://careerwise.minnstate.edu/careers/careerDetail?oc=212011
10,"Clinical, Counseling, and School Psychologists",http://careerwise.minnstate.edu/careers/careerDetail?oc=193031
10,"Community and Social Service Specialists, All Other",http://careerwise.minnstate.edu/careers/careerDetail?oc=211099
10,Community Health Workers,http://careerwise.minnstate.edu/careers/careerDetail?oc=211094
10,"Counselors, All Other",http://careerwise.minnstate.edu/careers/careerDetail?oc=211019
10,Credit Counselors,http://careerwise.minnstate.edu/careers/careerDetail?oc=132071
10,"Directors, Religious Activities and Education",http://careerwise.minnstate.edu/careers/careerDetail?oc=212021
10,Embalmers,http://careerwise.minnstate.edu/careers/careerDetail?oc=394011
10,First-Line Supervisors of Personal Service Workers,http://careerwise.minnstate.edu/careers/careerDetail?oc=391021
10,Fitness Trainers and Aerobics Instructors,http://careerwise.minnstate.edu/careers/careerDetail?oc=399031
10,Funeral Service Managers,http://careerwise.minnstate.edu/careers/careerDetail?oc=119061
10,"Hairdressers, Hairstylists, and Cosmetologists",http://careerwise.minnstate.edu/careers/careerDetail?oc=395012
10,Health Educators,http://careerwise.minnstate.edu/careers/careerDetail?oc=211091
10,Healthcare Social Workers,http://careerwise.minnstate.edu/careers/careerDetail?oc=211022
10,Industrial-Organizational Psychologists,http://careerwise.minnstate.edu/careers/careerDetail?oc=193032
10,Laundry and Dry-Cleaning Workers,http://careerwise.minnstate.edu/careers/careerDetail?oc=516011
10,"Locker Room, Coatroom, and Dressing Room Attendants",http://careerwise.minnstate.edu/careers/careerDetail?oc=393093
10,Manicurists and Pedicurists,http://careerwise.minnstate.edu/careers/careerDetail?oc=395092
10,Marriage and Family Therapists,http://careerwise.minnstate.edu/careers/careerDetail?oc=211013
10,Massage Therapists,http://careerwise.minnstate.edu/careers/careerDetail?oc=319011
10,Mental Health and Substance Abuse Social Workers,http://careerwise.minnstate.edu/careers/careerDetail?oc=211023
10,Mental Health Counselors,http://careerwise.minnstate.edu/careers/careerDetail?oc=211014
10,"Morticians, Undertakers, and Funeral Directors",http://careerwise.minnstate.edu/careers/careerDetail?oc=394031
10,Personal Care Aides,http://careerwise.minnstate.edu/careers/careerDetail?oc=399021
10,"Personal Care and Service Workers, All Other",http://careerwise.minnstate.edu/careers/careerDetail?oc=399099
10,"Pressers, Textile, Garment, and Related Materials",http://careerwise.minnstate.edu/careers/careerDetail?oc=516021
10,"Psychologists, All Other",http://careerwise.minnstate.edu/careers/careerDetail?oc=193039
10,Rehabilitation Counselors,http://careerwise.minnstate.edu/careers/careerDetail?oc=211015
10,"Religious Workers, All Other",http://careerwise.minnstate.edu/careers/careerDetail?oc=212099
10,Residential Advisors,http://careerwise.minnstate.edu/careers/careerDetail?oc=399041
10,Shampooers,http://careerwise.minnstate.edu/careers/careerDetail?oc=395093
10,Skincare Specialists,http://careerwise.minnstate.edu/careers/careerDetail?oc=395094
10,Social and Community Service Managers,http://careerwise.minnstate.edu/careers/careerDetail?oc=119151
10,Social and Human Service Assistants,http://careerwise.minnstate.edu/careers/careerDetail?oc=211093
10,"Social Workers, All Other",http://careerwise.minnstate.edu/careers/careerDetail?oc=211029
10,Substance Abuse and Behavioral Disorder Counselors,http://careerwise.minnstate.edu/careers/careerDetail?oc=211011
10,"Tailors, Dressmakers, and Custom Sewers",http://careerwise.minnstate.edu/careers/careerDetail?oc=516052
11,Computer Network Architects,http://careerwise.minnstate.edu/careers/careerDetail?oc=151143
11,Computer Network Support Specialists,http://careerwise.minnstate.edu/careers/careerDetail?oc=151152
11,"Computer Occupations, All Other",http://careerwise.minnstate.edu/careers/careerDetail?oc=151199
11,Computer Programmers,http://careerwise.minnstate.edu/careers/careerDetail?oc=151131
11,Computer Systems Analysts,http://careerwise.minnstate.edu/careers/careerDetail?oc=151121
11,Computer User Support Specialists,http://careerwise.minnstate.edu/careers/careerDetail?oc=151151
11,Database Administrators,http://careerwise.minnstate.edu/careers/careerDetail?oc=151141
11,Information Security Analysts,http://careerwise.minnstate.edu/careers/careerDetail?oc=151122
11,Network and Computer Systems Administrators,http://careerwise.minnstate.edu/careers/careerDetail?oc=151142
11,"Software Developers, Applications",http://careerwise.minnstate.edu/careers/careerDetail?oc=151132
11,"Software Developers, Systems Software",http://careerwise.minnstate.edu/careers/careerDetail?oc=151133
11,Web Developers,http://careerwise.minnstate.edu/careers/careerDetail?oc=151134
12,"Administrative Law Judges, Adjudicators, and Hearing Officers",http://careerwise.minnstate.edu/careers/careerDetail?oc=231021
12,Animal Control Workers,http://careerwise.minnstate.edu/careers/careerDetail?oc=339011
12,"Arbitrators, Mediators, and Conciliators",http://careerwise.minnstate.edu/careers/careerDetail?oc=231022
12,Bailiffs,http://careerwise.minnstate.edu/careers/careerDetail?oc=333011
12,Correctional Officers and Jailers,http://careerwise.minnstate.edu/careers/careerDetail?oc=333012
12,Court Reporters,http://careerwise.minnstate.edu/careers/careerDetail?oc=232091
12,Crossing Guards,http://careerwise.minnstate.edu/careers/careerDetail?oc=339091
12,Detectives and Criminal Investigators,http://careerwise.minnstate.edu/careers/careerDetail?oc=333021
12,Emergency Medical Technicians and Paramedics,http://careerwise.minnstate.edu/careers/careerDetail?oc=292041
12,Fire Inspectors and Investigators,http://careerwise.minnstate.edu/careers/careerDetail?oc=332021
12,Firefighters,http://careerwise.minnstate.edu/careers/careerDetail?oc=332011
12,Fish and Game Wardens,http://careerwise.minnstate.edu/careers/careerDetail?oc=333031
12,Forensic Science Technicians,http://careerwise.minnstate.edu/careers/careerDetail?oc=194092
12,Forest Fire Inspectors and Prevention Specialists,http://careerwise.minnstate.edu/careers/careerDetail?oc=332022
12,Gaming Surveillance Officers and Gaming Investigators,http://careerwise.minnstate.edu/careers/careerDetail?oc=339031
12,"Judges, Magistrate Judges, and Magistrates",http://careerwise.minnstate.edu/careers/careerDetail?oc=231023
12,Judicial Law Clerks,http://careerwise.minnstate.edu/careers/careerDetail?oc=231012
12,Lawyers,http://careerwise.minnstate.edu/careers/careerDetail?oc=231011
12,Legal Secretaries,http://careerwise.minnstate.edu/careers/careerDetail?oc=436012
12,"Legal Support Workers, All Other",http://careerwise.minnstate.edu/careers/careerDetail?oc=232099
12,"Lifeguards, Ski Patrol, and Other Recreational Protective Service Workers",http://careerwise.minnstate.edu/careers/careerDetail?oc=339092
12,Paralegals and Legal Assistants,http://careerwise.minnstate.edu/careers/careerDetail?oc=232011
12,Parking Enforcement Workers,http://careerwise.minnstate.edu/careers/careerDetail?oc=333041
12,Police and Sheriff's Patrol Officers,http://careerwise.minnstate.edu/careers/careerDetail?oc=333051
12,"Police, Fire, and Ambulance Dispatchers",http://careerwise.minnstate.edu/careers/careerDetail?oc=435031
12,Private Detectives and Investigators,http://careerwise.minnstate.edu/careers/careerDetail?oc=339021
12,Probation Officers and Correctional Treatment Specialists,http://careerwise.minnstate.edu/careers/careerDetail?oc=211092
12,"Protective Service Workers, All Other",http://careerwise.minnstate.edu/careers/careerDetail?oc=339099
12,Security Guards,http://careerwise.minnstate.edu/careers/careerDetail?oc=339032
12,"Title Examiners, Abstractors, and Searchers",http://careerwise.minnstate.edu/careers/careerDetail?oc=232093
12,Transit and Railroad Police,http://careerwise.minnstate.edu/careers/careerDetail?oc=333052
13,Adhesive Bonding Machine Operators and Tenders,http://careerwise.minnstate.edu/careers/careerDetail?oc=519191
13,Aerospace Engineering and Operations Technicians,http://careerwise.minnstate.edu/careers/careerDetail?oc=173021
13,"Aircraft Structure, Surfaces, Rigging, and Systems Assemblers",http://careerwise.minnstate.edu/careers/careerDetail?oc=512011
13,"Assemblers and Fabricators, All Other",http://careerwise.minnstate.edu/careers/careerDetail?oc=512099
13,Butchers and Meat Cutters,http://careerwise.minnstate.edu/careers/careerDetail?oc=513021
13,Cabinetmakers and Bench Carpenters,http://careerwise.minnstate.edu/careers/careerDetail?oc=517011
13,Camera and Photographic Equipment Repairers,http://careerwise.minnstate.edu/careers/careerDetail?oc=499061
13,Chemical Equipment Operators and Tenders,http://careerwise.minnstate.edu/careers/careerDetail?oc=519011
13,Chemical Plant and System Operators,http://careerwise.minnstate.edu/careers/careerDetail?oc=518091
13,Chemical Technicians,http://careerwise.minnstate.edu/careers/careerDetail?oc=194031
13,"Cleaning, Washing, and Metal Pickling Equipment Operators and Tenders",http://careerwise.minnstate.edu/careers/careerDetail?oc=519192
13,"Coating, Painting, and Spraying Machine Setters, Operators, and Tenders",http://careerwise.minnstate.edu/careers/careerDetail?oc=519121
13,"Coil Winders, Tapers, and Finishers",http://careerwise.minnstate.edu/careers/careerDetail?oc=512021
13,"Coin, Vending, and Amusement Machine Servicers and Repairers",http://careerwise.minnstate.edu/careers/careerDetail?oc=499091
13,"Computer Numerically Controlled Machine Tool Programmers, Metal and Plastic",http://careerwise.minnstate.edu/careers/careerDetail?oc=514012
13,"Computer-Controlled Machine Tool Operators, Metal and Plastic",http://careerwise.minnstate.edu/careers/careerDetail?oc=514011
13,"Computer, Automated Teller, and Office Machine Repairers",http://careerwise.minnstate.edu/careers/careerDetail?oc=492011
13,Cooling and Freezing Equipment Operators and Tenders,http://careerwise.minnstate.edu/careers/careerDetail?oc=519193
13,"Crushing, Grinding, and Polishing Machine Setters, Operators, and Tenders",http://careerwise.minnstate.edu/careers/careerDetail?oc=519021
13,"Cutters and Trimmers, Hand",http://careerwise.minnstate.edu/careers/careerDetail?oc=519031
13,"Cutting and Slicing Machine Setters, Operators, and Tenders",http://careerwise.minnstate.edu/careers/careerDetail?oc=519032
13,"Cutting, Punching, and Press Machine Setters, Operators, and Tenders, Metal and Plastic",http://careerwise.minnstate.edu/careers/careerDetail?oc=514031
13,Dental Laboratory Technicians,http://careerwise.minnstate.edu/careers/careerDetail?oc=519081
13,"Drafters, All Other",http://careerwise.minnstate.edu/careers/careerDetail?oc=173019
13,"Drilling and Boring Machine Tool Setters, Operators, and Tenders, Metal and Plastic",http://careerwise.minnstate.edu/careers/careerDetail?oc=514032
13,"Electric Motor, Power Tool, and Related Repairers",http://careerwise.minnstate.edu/careers/careerDetail?oc=492092
13,Electrical and Electronic Engineering Technicians,http://careerwise.minnstate.edu/careers/careerDetail?oc=173023
13,Electrical and Electronic Equipment Assemblers,http://careerwise.minnstate.edu/careers/careerDetail?oc=512022
13,Electrical and Electronics Drafters,http://careerwise.minnstate.edu/careers/careerDetail?oc=173012
13,"Electrical and Electronics Repairers, Commercial and Industrial Equipment",http://careerwise.minnstate.edu/careers/careerDetail?oc=492094
13,"Electrical and Electronics Repairers, Powerhouse, Substation, and Relay",http://careerwise.minnstate.edu/careers/careerDetail?oc=492095
13,Electro-Mechanical Technicians,http://careerwise.minnstate.edu/careers/careerDetail?oc=173024
13,Electromechanical Equipment Assemblers,http://careerwise.minnstate.edu/careers/careerDetail?oc=512023
13,Electronic Home Entertainment Equipment Installers and Repairers,http://careerwise.minnstate.edu/careers/careerDetail?oc=492097
13,Engine and Other Machine Assemblers,http://careerwise.minnstate.edu/careers/careerDetail?oc=512031
13,"Engineering Technicians, Except Drafters, All Other",http://careerwise.minnstate.edu/careers/careerDetail?oc=173029
13,Etchers and Engravers,http://careerwise.minnstate.edu/careers/careerDetail?oc=519194
13,"Extruding and Drawing Machine Setters, Operators, and Tenders, Metal and Plastic",http://careerwise.minnstate.edu/careers/careerDetail?oc=514021
13,"Extruding and Forming Machine Setters, Operators, and Tenders, Synthetic and Glass Fibers",http://careerwise.minnstate.edu/careers/careerDetail?oc=516091
13,"Extruding, Forming, Pressing, and Compacting Machine Setters, Operators, and Tenders",http://careerwise.minnstate.edu/careers/careerDetail?oc=519041
13,Fabric and Apparel Patternmakers,http://careerwise.minnstate.edu/careers/careerDetail?oc=516092
13,"Fabric Menders, Except Garment",http://careerwise.minnstate.edu/careers/careerDetail?oc=499093
13,Fiberglass Laminators and Fabricators,http://careerwise.minnstate.edu/careers/careerDetail?oc=512091
13,"Food and Tobacco Roasting, Baking, and Drying Machine Operators and Tenders",http://careerwise.minnstate.edu/careers/careerDetail?oc=513091
13,Food Batchmakers,http://careerwise.minnstate.edu/careers/careerDetail?oc=513092
13,Food Cooking Machine Operators and Tenders,http://careerwise.minnstate.edu/careers/careerDetail?oc=513093
13,"Food Processing Workers, All Other",http://careerwise.minnstate.edu/careers/careerDetail?oc=513099
13,"Forging Machine Setters, Operators, and Tenders, Metal and Plastic",http://careerwise.minnstate.edu/careers/careerDetail?oc=514022
13,Foundry Mold and Coremakers,http://careerwise.minnstate.edu/careers/careerDetail?oc=514071
13,"Furnace, Kiln, Oven, Drier, and Kettle Operators and Tenders",http://careerwise.minnstate.edu/careers/careerDetail?oc=519051
13,Furniture Finishers,http://careerwise.minnstate.edu/careers/careerDetail?oc=517021
13,Gas Plant Operators,http://careerwise.minnstate.edu/careers/careerDetail?oc=518092
13,"Grinding and Polishing Workers, Hand",http://careerwise.minnstate.edu/careers/careerDetail?oc=519022
13,"Grinding, Lapping, Polishing, and Buffing Machine Tool Setters, Operators, and Tenders, Metal and Plastic",http://careerwise.minnstate.edu/careers/careerDetail?oc=514033
13,"Heat Treating Equipment Setters, Operators, and Tenders, Metal and Plastic",http://careerwise.minnstate.edu/careers/careerDetail?oc=514191
13,Helpers--Production Workers,http://careerwise.minnstate.edu/careers/careerDetail?oc=519198
13,Home Appliance Repairers,http://careerwise.minnstate.edu/careers/careerDetail?oc=499031
13,Industrial Engineering Technicians,http://careerwise.minnstate.edu/careers/careerDetail?oc=173026
13,Industrial Machinery Mechanics,http://careerwise.minnstate.edu/careers/careerDetail?oc=499041
13,"Inspectors, Testers, Sorters, Samplers, and Weighers",http://careerwise.minnstate.edu/careers/careerDetail?oc=519061
13,"Installation, Maintenance, and Repair Workers, All Other",http://careerwise.minnstate.edu/careers/careerDetail?oc=499099
13,Jewelers and Precious Stone and Metal Workers,http://careerwise.minnstate.edu/careers/careerDetail?oc=519071
13,"Lathe and Turning Machine Tool Setters, Operators, and Tenders, Metal and Plastic",http://careerwise.minnstate.edu/careers/careerDetail?oc=514034
13,"Layout Workers, Metal and Plastic",http://careerwise.minnstate.edu/careers/careerDetail?oc=514192
13,Locksmiths and Safe Repairers,http://careerwise.minnstate.edu/careers/careerDetail?oc=499094
13,Machine Feeders and Offbearers,http://careerwise.minnstate.edu/careers/careerDetail?oc=537063
13,Machinists,http://careerwise.minnstate.edu/careers/careerDetail?oc=514041
13,"Maintenance and Repair Workers, General",http://careerwise.minnstate.edu/careers/careerDetail?oc=499071
13,"Maintenance Workers, Machinery",http://careerwise.minnstate.edu/careers/careerDetail?oc=499043
13,"Meat, Poultry, and Fish Cutters and Trimmers",http://careerwise.minnstate.edu/careers/careerDetail?oc=513022
13,Mechanical Drafters,http://careerwise.minnstate.edu/careers/careerDetail?oc=173013
13,Mechanical Engineering Technicians,http://careerwise.minnstate.edu/careers/careerDetail?oc=173027
13,Medical Appliance Technicians,http://careerwise.minnstate.edu/careers/careerDetail?oc=519082
13,Medical Equipment Repairers,http://careerwise.minnstate.edu/careers/careerDetail?oc=499062
13,"Metal Workers and Plastic Workers, All Other",http://careerwise.minnstate.edu/careers/careerDetail?oc=514199
13,Metal-Refining Furnace Operators and Tenders,http://careerwise.minnstate.edu/careers/careerDetail?oc=514051
13,"Milling and Planing Machine Setters, Operators, and Tenders, Metal and Plastic",http://careerwise.minnstate.edu/careers/careerDetail?oc=514035
13,"Mixing and Blending Machine Setters, Operators, and Tenders",http://careerwise.minnstate.edu/careers/careerDetail?oc=519023
13,"Model Makers, Metal and Plastic",http://careerwise.minnstate.edu/careers/careerDetail?oc=514061
13,"Model Makers, Wood",http://careerwise.minnstate.edu/careers/careerDetail?oc=517031
13,"Molders, Shapers, and Casters, Except Metal and Plastic",http://careerwise.minnstate.edu/careers/careerDetail?oc=519195
13,"Molding, Coremaking, and Casting Machine Setters, Operators, and Tenders, Metal and Plastic",http://careerwise.minnstate.edu/careers/careerDetail?oc=514072
13,"Multiple Machine Tool Setters, Operators, and Tenders, Metal and Plastic",http://careerwise.minnstate.edu/careers/careerDetail?oc=514081
13,Musical Instrument Repairers and Tuners,http://careerwise.minnstate.edu/careers/careerDetail?oc=499063
13,Nuclear Power Reactor Operators,http://careerwise.minnstate.edu/careers/careerDetail?oc=518011
13,Nuclear Technicians,http://careerwise.minnstate.edu/careers/careerDetail?oc=194051
13,Ophthalmic Laboratory Technicians,http://careerwise.minnstate.edu/careers/careerDetail?oc=519083
13,Outdoor Power Equipment and Other Small Engine Mechanics,http://careerwise.minnstate.edu/careers/careerDetail?oc=493053
13,Packaging and Filling Machine Operators and Tenders,http://careerwise.minnstate.edu/careers/careerDetail?oc=519111
13,"Painters, Transportation Equipment",http://careerwise.minnstate.edu/careers/careerDetail?oc=519122
13,"Painting, Coating, and Decorating Workers",http://careerwise.minnstate.edu/careers/careerDetail?oc=519123
13,"Paper Goods Machine Setters, Operators, and Tenders",http://careerwise.minnstate.edu/careers/careerDetail?oc=519196
13,"Patternmakers, Metal and Plastic",http://careerwise.minnstate.edu/careers/careerDetail?oc=514062
13,"Patternmakers, Wood",http://careerwise.minnstate.edu/careers/careerDetail?oc=517032
13,"Petroleum Pump System Operators, Refinery Operators, and Gaugers",http://careerwise.minnstate.edu/careers/careerDetail?oc=518093
13,Photographic Process Workers and Processing Machine Operators,http://careerwise.minnstate.edu/careers/careerDetail?oc=519151
13,"Plant and System Operators, All Other",http://careerwise.minnstate.edu/careers/careerDetail?oc=518099
13,"Plating and Coating Machine Setters, Operators, and Tenders, Metal and Plastic",http://careerwise.minnstate.edu/careers/careerDetail?oc=514193
13,"Pourers and Casters, Metal",http://careerwise.minnstate.edu/careers/careerDetail?oc=514052
13,Power Distributors and Dispatchers,http://careerwise.minnstate.edu/careers/careerDetail?oc=518012
13,Power Plant Operators,http://careerwise.minnstate.edu/careers/careerDetail?oc=518013
13,"Precision Instrument and Equipment Repairers, All Other",http://careerwise.minnstate.edu/careers/careerDetail?oc=499069
13,"Production Workers, All Other",http://careerwise.minnstate.edu/careers/careerDetail?oc=519199
13,"Production, Planning, and Expediting Clerks",http://careerwise.minnstate.edu/careers/careerDetail?oc=435061
13,"Purchasing Agents, Except Wholesale, Retail, and Farm Products",http://careerwise.minnstate.edu/careers/careerDetail?oc=131023
13,"Radio, Cellular, and Tower Equipment Installers and Repairers",http://careerwise.minnstate.edu/careers/careerDetail?oc=492021
13,"Rolling Machine Setters, Operators, and Tenders, Metal and Plastic",http://careerwise.minnstate.edu/careers/careerDetail?oc=514023
13,"Sawing Machine Setters, Operators, and Tenders, Wood",http://careerwise.minnstate.edu/careers/careerDetail?oc=517041
13,Security and Fire Alarm Systems Installers,http://careerwise.minnstate.edu/careers/careerDetail?oc=492098
13,Semiconductor Processors,http://careerwise.minnstate.edu/careers/careerDetail?oc=519141
13,"Separating, Filtering, Clarifying, Precipitating, and Still Machine Setters, Operators, and Tenders",http://careerwise.minnstate.edu/careers/careerDetail?oc=519012
13,"Sewers, Hand",http://careerwise.minnstate.edu/careers/careerDetail?oc=516051
13,Sewing Machine Operators,http://careerwise.minnstate.edu/careers/careerDetail?oc=516031
13,Shoe and Leather Workers and Repairers,http://careerwise.minnstate.edu/careers/careerDetail?oc=516041
13,Shoe Machine Operators and Tenders,http://careerwise.minnstate.edu/careers/careerDetail?oc=516042
13,Slaughterers and Meat Packers,http://careerwise.minnstate.edu/careers/careerDetail?oc=513023
13,Team Assemblers,http://careerwise.minnstate.edu/careers/careerDetail?oc=512092
13,Textile Bleaching and Dyeing Machine Operators and Tenders,http://careerwise.minnstate.edu/careers/careerDetail?oc=516061
13,"Textile Cutting Machine Setters, Operators, and Tenders",http://careerwise.minnstate.edu/careers/careerDetail?oc=516062
13,"Textile Knitting and Weaving Machine Setters, Operators, and Tenders",http://careerwise.minnstate.edu/careers/careerDetail?oc=516063
13,"Textile Winding, Twisting, and Drawing Out Machine Setters, Operators, and Tenders",http://careerwise.minnstate.edu/careers/careerDetail?oc=516064
13,"Textile, Apparel, and Furnishings Workers, All Other",http://careerwise.minnstate.edu/careers/careerDetail?oc=516099
13,Timing Device Assemblers and Adjusters,http://careerwise.minnstate.edu/careers/careerDetail?oc=512093
13,Tire Builders,http://careerwise.minnstate.edu/careers/careerDetail?oc=519197
13,Tool and Die Makers,http://careerwise.minnstate.edu/careers/careerDetail?oc=514111
13,"Tool Grinders, Filers, and Sharpeners",http://careerwise.minnstate.edu/careers/careerDetail?oc=514194
13,Upholsterers,http://careerwise.minnstate.edu/careers/careerDetail?oc=516093
13,Watch Repairers,http://careerwise.minnstate.edu/careers/careerDetail?oc=499064
13,"Weighers, Measurers, Checkers, and Samplers, Recordkeeping",http://careerwise.minnstate.edu/careers/careerDetail?oc=435111
13,"Welders, Cutters, Solderers, and Brazers",http://careerwise.minnstate.edu/careers/careerDetail?oc=514121
13,"Welding, Soldering, and Brazing Machine Setters, Operators, and Tenders",http://careerwise.minnstate.edu/careers/careerDetail?oc=514122
13,Wind Turbine Service Technicians,http://careerwise.minnstate.edu/careers/careerDetail?oc=499081
13,"Woodworkers, All Other",http://careerwise.minnstate.edu/careers/careerDetail?oc=517099
13,"Woodworking Machine Setters, Operators, and Tenders, Except Sawing",http://careerwise.minnstate.edu/careers/careerDetail?oc=517042
14,Advertising and Promotions Managers,http://careerwise.minnstate.edu/careers/careerDetail?oc=112011
14,Advertising Sales Agents,http://careerwise.minnstate.edu/careers/careerDetail?oc=413011
14,Cashiers,http://careerwise.minnstate.edu/careers/careerDetail?oc=412011
14,Counter and Rental Clerks,http://careerwise.minnstate.edu/careers/careerDetail?oc=412021
14,Demonstrators and Product Promoters,http://careerwise.minnstate.edu/careers/careerDetail?oc=419011
14,"Door-To-Door Sales Workers, News and Street Vendors, and Related Workers",http://careerwise.minnstate.edu/careers/careerDetail?oc=419091
14,Driver/Sales Workers,http://careerwise.minnstate.edu/careers/careerDetail?oc=533031
14,First-Line Supervisors of Non-Retail Sales Workers,http://careerwise.minnstate.edu/careers/careerDetail?oc=411012
14,First-Line Supervisors of Retail Sales Workers,http://careerwise.minnstate.edu/careers/careerDetail?oc=411011
14,Market Research Analysts and Marketing Specialists,http://careerwise.minnstate.edu/careers/careerDetail?oc=131161
14,Marketing Managers,http://careerwise.minnstate.edu/careers/careerDetail?oc=112021
14,Merchandise Displayers and Window Trimmers,http://careerwise.minnstate.edu/careers/careerDetail?oc=271026
14,Models,http://careerwise.minnstate.edu/careers/careerDetail?oc=419012
14,Parts Salespersons,http://careerwise.minnstate.edu/careers/careerDetail?oc=412022
14,"Property, Real Estate, and Community Association Managers",http://careerwise.minnstate.edu/careers/careerDetail?oc=119141
14,Public Relations and Fundraising Managers,http://careerwise.minnstate.edu/careers/careerDetail?oc=112031
14,Public Relations Specialists,http://careerwise.minnstate.edu/careers/careerDetail?oc=273031
14,Real Estate Brokers,http://careerwise.minnstate.edu/careers/careerDetail?oc=419021
14,Real Estate Sales Agents,http://careerwise.minnstate.edu/careers/careerDetail?oc=419022
14,Retail Salespersons,http://careerwise.minnstate.edu/careers/careerDetail?oc=412031
14,"Sales and Related Workers, All Other",http://careerwise.minnstate.edu/careers/careerDetail?oc=419099
14,Sales Engineers,http://careerwise.minnstate.edu/careers/careerDetail?oc=419031
14,Sales Managers,http://careerwise.minnstate.edu/careers/careerDetail?oc=112022
14,"Sales Representatives, Services, All Other",http://careerwise.minnstate.edu/careers/careerDetail?oc=413099
14,"Sales Representatives, Wholesale and Manufacturing, Technical and Scientific Products",http://careerwise.minnstate.edu/careers/careerDetail?oc=414011
14,Telemarketers,http://careerwise.minnstate.edu/careers/careerDetail?oc=419041
14,"Wholesale and Retail Buyers, Except Farm Products",http://careerwise.minnstate.edu/careers/careerDetail?oc=131022
15,Aerospace Engineers,http://careerwise.minnstate.edu/careers/careerDetail?oc=172011
15,Anthropologists and Archeologists,http://careerwise.minnstate.edu/careers/careerDetail?oc=193091
15,Architectural and Engineering Managers,http://careerwise.minnstate.edu/careers/careerDetail?oc=119041
15,Astronomers,http://careerwise.minnstate.edu/careers/careerDetail?oc=192011
15,Atmospheric and Space Scientists,http://careerwise.minnstate.edu/careers/careerDetail?oc=192021
15,Biochemists and Biophysicists,http://careerwise.minnstate.edu/careers/careerDetail?oc=191021
15,"Biological Scientists, All Other",http://careerwise.minnstate.edu/careers/careerDetail?oc=191029
15,Cartographers and Photogrammetrists,http://careerwise.minnstate.edu/careers/careerDetail?oc=171021
15,Chemical Engineers,http://careerwise.minnstate.edu/careers/careerDetail?oc=172041
15,Chemists,http://careerwise.minnstate.edu/careers/careerDetail?oc=192031
15,Computer and Information Research Scientists,http://careerwise.minnstate.edu/careers/careerDetail?oc=151111
15,Computer Hardware Engineers,http://careerwise.minnstate.edu/careers/careerDetail?oc=172061
15,Conservation Scientists,http://careerwise.minnstate.edu/careers/careerDetail?oc=191031
15,Economists,http://careerwise.minnstate.edu/careers/careerDetail?oc=193011
15,Electrical Engineers,http://careerwise.minnstate.edu/careers/careerDetail?oc=172071
15,"Electronics Engineers, Except Computer",http://careerwise.minnstate.edu/careers/careerDetail?oc=172072
15,"Engineers, All Other",http://careerwise.minnstate.edu/careers/careerDetail?oc=172199
15,"Environmental Scientists and Specialists, Including Health",http://careerwise.minnstate.edu/careers/careerDetail?oc=192041
15,Geographers,http://careerwise.minnstate.edu/careers/careerDetail?oc=193092
15,"Geoscientists, Except Hydrologists and Geographers",http://careerwise.minnstate.edu/careers/careerDetail?oc=192042
15,"Health and Safety Engineers, Except Mining Safety Engineers and Inspectors",http://careerwise.minnstate.edu/careers/careerDetail?oc=172111
15,Historians,http://careerwise.minnstate.edu/careers/careerDetail?oc=193093
15,Hydrologists,http://careerwise.minnstate.edu/careers/careerDetail?oc=192043
15,Industrial Engineers,http://careerwise.minnstate.edu/careers/careerDetail?oc=172112
15,"Life Scientists, All Other",http://careerwise.minnstate.edu/careers/careerDetail?oc=191099
15,"Life, Physical, and Social Science Technicians, All Other",http://careerwise.minnstate.edu/careers/careerDetail?oc=194099
15,Marine Engineers and Naval Architects,http://careerwise.minnstate.edu/careers/careerDetail?oc=172121
15,Materials Engineers,http://careerwise.minnstate.edu/careers/careerDetail?oc=172131
15,Materials Scientists,http://careerwise.minnstate.edu/careers/careerDetail?oc=192032
15,"Mathematical Science Occupations, All Other",http://careerwise.minnstate.edu/careers/careerDetail?oc=152099
15,Mathematical Technicians,http://careerwise.minnstate.edu/careers/careerDetail?oc=152091
15,Mathematicians,http://careerwise.minnstate.edu/careers/careerDetail?oc=152021
15,Mechanical Engineers,http://careerwise.minnstate.edu/careers/careerDetail?oc=172141
15,Microbiologists,http://careerwise.minnstate.edu/careers/careerDetail?oc=191022
15,"Mining and Geological Engineers, Including Mining Safety Engineers",http://careerwise.minnstate.edu/careers/careerDetail?oc=172151
15,Nuclear Engineers,http://careerwise.minnstate.edu/careers/careerDetail?oc=172161
15,Petroleum Engineers,http://careerwise.minnstate.edu/careers/careerDetail?oc=172171
15,"Physical Scientists, All Other",http://careerwise.minnstate.edu/careers/careerDetail?oc=192099
15,Physicists,http://careerwise.minnstate.edu/careers/careerDetail?oc=192012
15,Political Scientists,http://careerwise.minnstate.edu/careers/careerDetail?oc=193094
15,Social Science Research Assistants,http://careerwise.minnstate.edu/careers/careerDetail?oc=194061
15,"Social Scientists and Related Workers, All Other",http://careerwise.minnstate.edu/careers/careerDetail?oc=193099
15,Sociologists,http://careerwise.minnstate.edu/careers/careerDetail?oc=193041
15,Statisticians,http://careerwise.minnstate.edu/careers/careerDetail?oc=152041
15,Survey Researchers,http://careerwise.minnstate.edu/careers/careerDetail?oc=193022
16,Air Traffic Controllers,http://careerwise.minnstate.edu/careers/careerDetail?oc=532021
16,Aircraft Cargo Handling Supervisors,http://careerwise.minnstate.edu/careers/careerDetail?oc=531011
16,Aircraft Mechanics and Service Technicians,http://careerwise.minnstate.edu/careers/careerDetail?oc=493011
16,Airfield Operations Specialists,http://careerwise.minnstate.edu/careers/careerDetail?oc=532022
16,"Airline Pilots, Copilots, and Flight Engineers",http://careerwise.minnstate.edu/careers/careerDetail?oc=532011
16,"Ambulance Drivers and Attendants, Except Emergency Medical Technicians",http://careerwise.minnstate.edu/careers/careerDetail?oc=533011
16,Automotive and Watercraft Service Attendants,http://careerwise.minnstate.edu/careers/careerDetail?oc=536031
16,Automotive Body and Related Repairers,http://careerwise.minnstate.edu/careers/careerDetail?oc=493021
16,Automotive Glass Installers and Repairers,http://careerwise.minnstate.edu/careers/careerDetail?oc=493022
16,Automotive Service Technicians and Mechanics,http://careerwise.minnstate.edu/careers/careerDetail?oc=493023
16,Avionics Technicians,http://careerwise.minnstate.edu/careers/careerDetail?oc=492091
16,Bicycle Repairers,http://careerwise.minnstate.edu/careers/careerDetail?oc=493091
16,Billing and Posting Clerks,http://careerwise.minnstate.edu/careers/careerDetail?oc=433021
16,Bridge and Lock Tenders,http://careerwise.minnstate.edu/careers/careerDetail?oc=536011
16,Bus and Truck Mechanics and Diesel Engine Specialists,http://careerwise.minnstate.edu/careers/careerDetail?oc=493031
16,"Bus Drivers, School or Special Client",http://careerwise.minnstate.edu/careers/careerDetail?oc=533022
16,"Bus Drivers, Transit and Intercity",http://careerwise.minnstate.edu/careers/careerDetail?oc=533021
16,"Captains, Mates, and Pilots of Water Vessels",http://careerwise.minnstate.edu/careers/careerDetail?oc=535021
16,Cargo and Freight Agents,http://careerwise.minnstate.edu/careers/careerDetail?oc=435011
16,Cleaners of Vehicles and Equipment,http://careerwise.minnstate.edu/careers/careerDetail?oc=537061
16,Commercial Pilots,http://careerwise.minnstate.edu/careers/careerDetail?oc=532012
16,Couriers and Messengers,http://careerwise.minnstate.edu/careers/careerDetail?oc=435021
16,"Dispatchers, Except Police, Fire, and Ambulance",http://careerwise.minnstate.edu/careers/careerDetail?oc=435032
16,"Electrical and Electronics Installers and Repairers, Transportation Equipment",http://careerwise.minnstate.edu/careers/careerDetail?oc=492093
16,"Electronic Equipment Installers and Repairers, Motor Vehicles",http://careerwise.minnstate.edu/careers/careerDetail?oc=492096
16,Flight Attendants,http://careerwise.minnstate.edu/careers/careerDetail?oc=532031
16,Gas Compressor and Gas Pumping Station Operators,http://careerwise.minnstate.edu/careers/careerDetail?oc=537071
16,Heavy and Tractor-Trailer Truck Drivers,http://careerwise.minnstate.edu/careers/careerDetail?oc=533032
16,Industrial Truck and Tractor Operators,http://careerwise.minnstate.edu/careers/careerDetail?oc=537051
16,"Laborers and Freight, Stock, and Material Movers, Hand",http://careerwise.minnstate.edu/careers/careerDetail?oc=537062
16,Light Truck or Delivery Services Drivers,http://careerwise.minnstate.edu/careers/careerDetail?oc=533033
16,Locomotive Engineers,http://careerwise.minnstate.edu/careers/careerDetail?oc=534011
16,Locomotive Firers,http://careerwise.minnstate.edu/careers/careerDetail?oc=534012
16,Logisticians,http://careerwise.minnstate.edu/careers/careerDetail?oc=131081
16,"Material Moving Workers, All Other",http://careerwise.minnstate.edu/careers/careerDetail?oc=537199
16,Mine Shuttle Car Operators,http://careerwise.minnstate.edu/careers/careerDetail?oc=537111
16,"Mobile Heavy Equipment Mechanics, Except Engines",http://careerwise.minnstate.edu/careers/careerDetail?oc=493042
16,"Motor Vehicle Operators, All Other",http://careerwise.minnstate.edu/careers/careerDetail?oc=533099
16,Motorboat Mechanics and Service Technicians,http://careerwise.minnstate.edu/careers/careerDetail?oc=493051
16,Motorboat Operators,http://careerwise.minnstate.edu/careers/careerDetail?oc=535022
16,Motorcycle Mechanics,http://careerwise.minnstate.edu/careers/careerDetail?oc=493052
16,"Packers and Packagers, Hand",http://careerwise.minnstate.edu/careers/careerDetail?oc=537064
16,Parking Lot Attendants,http://careerwise.minnstate.edu/careers/careerDetail?oc=536021
16,"Pump Operators, Except Wellhead Pumpers",http://careerwise.minnstate.edu/careers/careerDetail?oc=537072
16,Rail Car Repairers,http://careerwise.minnstate.edu/careers/careerDetail?oc=493043
16,"Rail Transportation Workers, All Other",http://careerwise.minnstate.edu/careers/careerDetail?oc=534099
16,"Rail Yard Engineers, Dinkey Operators, and Hostlers",http://careerwise.minnstate.edu/careers/careerDetail?oc=534013
16,Rail-Track Laying and Maintenance Equipment Operators,http://careerwise.minnstate.edu/careers/careerDetail?oc=474061
16,"Railroad Brake, Signal, and Switch Operators",http://careerwise.minnstate.edu/careers/careerDetail?oc=534021
16,Railroad Conductors and Yardmasters,http://careerwise.minnstate.edu/careers/careerDetail?oc=534031
16,Recreational Vehicle Service Technicians,http://careerwise.minnstate.edu/careers/careerDetail?oc=493092
16,Sailors and Marine Oilers,http://careerwise.minnstate.edu/careers/careerDetail?oc=535011
16,Ship Engineers,http://careerwise.minnstate.edu/careers/careerDetail?oc=535031
16,Signal and Track Switch Repairers,http://careerwise.minnstate.edu/careers/careerDetail?oc=499097
16,Subway and Streetcar Operators,http://careerwise.minnstate.edu/careers/careerDetail?oc=534041
16,"Tank Car, Truck, and Ship Loaders",http://careerwise.minnstate.edu/careers/careerDetail?oc=537121
16,Taxi Drivers and Chauffeurs,http://careerwise.minnstate.edu/careers/careerDetail?oc=533041
16,Tire Repairers and Changers,http://careerwise.minnstate.edu/careers/careerDetail?oc=493093
16,Traffic Technicians,http://careerwise.minnstate.edu/careers/careerDetail?oc=536041
16,"Transportation Attendants, Except Flight Attendants",http://careerwise.minnstate.edu/careers/careerDetail?oc=536061
16,"Transportation Workers, All Other",http://careerwise.minnstate.edu/careers/careerDetail?oc=536099
16,Wellhead Pumpers,http://careerwise.minnstate.edu/careers/careerDetail?oc=537073